feature,importance
spread_bps,0.33108507258418646
market_volatility,0.31815275691053635
time_of_day,0.19437570957718103
venue_liquidity_score,0.14976355690369733
notional_usd,0.006622904024398807
